"Timestamp","Institution","Location","Subject Area","PI","Review Date","URL","Last Update","Notes","Matched status","Matched institution name","State abbreviation","Unique IPEDS identification number for an institution","City location of institution","2021 Basic Classification","2021 Undergraduate Instructional Program Classification","2021 Graduate Instructional Program Classification","2021 Undergraduate Profile Classification","2021 Enrollment Profile Classification","2021 Size and Setting Classification","2020/2015 Carnegie Community Engagement Elective Classification","Region code","Sector of institution (control and level combined)","Level of institution","Control of institution","Postsecondary and Title IV institution indicator","Degree of urbanization (Urban-centric locale)","Land-grant institution","Institution grants a medical degree (MD, DDS, DMD, DO, DVM)","Historically Black College or University","Tribal College flag","Hispanic Serving Institution (Using composite lists)","Minority Serving Institution (HSI, HBCU, or Tribal College or University only)","Women's College flag","Council on Public Liberal Arts Colleges flag","Coalition of Urban Serving Universities flag","Coalition of Urban and Metropolitan Universities flag","Associate's degree total","Bachelor's degree total","Master's degrees conferred","Doctoral degrees - research/scholarship","Doctoral degrees - professional practice","Doctoral degrees - other","Total degrees conferred","Science & Engineering Research & Development Expenditures ($Thousands)","Non Science & Engineering Research & Development Expenditures ($Thousands)","Postdoctorates and non-faculty research staff with doctorates","Number full-time of faculty in ladder rank (assistant, associate, and full professors) Fall 2020","Social Science research/scholarship doctoral degrees","Humanities research/scholarship doctoral degrees","STEM research/scholarship doctoral degrees","Number of research/scholarship doctoral degrees conferred in professional fields","Research/scholarship doctoral degrees in Arts & Science fields (humanities, social sciences, & STEM)","Research/scholarship doctoral degrees in professional/other fields","Master's, doctoral-professional practice, and doctoral-other degrees conferred in the Arts & Sciences","Master's, doctoral-professional practice, and doctoral-other degrees conferred in the Professional fields","Baccalaureate degrees conferred in the Arts & Sciences (first and second majors)","Number of baccalaureate degrees conferred in professional fields","Associate's and Certificates of less than 2 years in career and technical fields","Associate's and Certificates of less than 2 years in transfer fields","Total Fall 2019 enrollment","Annual enrollment headcount, academic year 2019-20","Total Fall 2020 enrollment","Fall 2020 Full-Time Equivalent enrollment (full-time plus one-third part-time)","Undergraduate total enrollment, fall 2020","Graduate total enrollment, fall 2020","Undergraduate degree-seeking full-time enrollment","Undergraduate degree-seeking part-time enrollment","Undergraduate non-degree full-time students","Undergraduate non-degree part-time students","Graduate full-time enrollment, fall 2020","Graduate part-time enrollment, fall 2020","Undergraduate new first-time full-time students","Undergraduate new first-time part-time students","Undergraduate new transfer-in full-time students","Undergraduate new transfer-in part-time students","Student mix ratio used for associates college basic classification subcategories","Program mix ratio used for associates college basic classification subcategories","Number of different 2-digit CIP codes in which institution confers any degree","Two-digit CIP code designation in which institution conferred the most degrees","Two-digit CIP code designation in which institution conferred the most degrees (if there is a tie)","Number of degrees awarded in largest two-digit CIP code","Percent of total degrees conferred in CIP-2 designation under which largest number of degrees conferred","Number of different 4-digit CIP code designations in which institution confers an undergraduate degree","Number of graduate degree programs, where a program is defined at the 4-digit CIP code level","CIP-4s observed at both undergrad & grad/professional as percentage of undergraduate CIP-4s","Percent of CIP4 areas in which undergraduate degrees are conferred that graduate degrees are also conferred","Institution confers research/scholarship doctoral degrees","Two-digit CIP under which institution confers the most graduate degrees is Education","Two-digit CIP under which institution confers the most graduate degrees is Business","Two-digit CIP under which institution confers the most graduate degrees is other than Business or Education","Number of different 2-digit CIP codes in which institution confers master's, doctoral-professional practice, and doctoral-other degrees","Number of different 2-digit CIP codes in which institution confers research/scholarship doctoral degrees","Total dormitory capacity (campus-owned, -operated, or -affiliated housing)","Number of first-time entering students who submitted  SAT score","Number of first-time entering students who submitted ACT score","SAT-Verbal 25th percentile score","SAT-Math 25th percentile score","Combined SAT-Math and SAT-Verbal 25th percentiles scores","ACT Composite Score, 25 percentile","The ACT equivalent score for the combined 25th percentile SAT score","Derived 25th percentile ACT score, weighting both ACT and equated SAT scores by number submitted","Number of first-time student applications (used with admits and test scores for selectivity index)","Number of first-time students admitted to the university (used with applicants and test scores for selectivity index)","Percent of applicants admitted (used with test scores for selectivity index)","Final Selectivity category (ACT and Pct Admit) (1=inclusive; 2=selective; 3=more selective)"
"8/14/26 15:23","Virginia Tech","Virginia","Population and evolutionary genetics / Urban evolution","Warren Booth","8/30/2026","https://jobs.apply.vt.edu/jobs/postdoctoral-associate-blacksburg-virginia-united-states-e9a1d48b-f995-478f-89f4-011886b655d8","8/14/26 15:42","PI:  Research will focus on understanding the genomic mechanisms underlying lineage establishment, persistence, adaptation, and extinction in highly inbred populations inhabiting urban environments. The successful candidate will address questions at the interface of evolutionary genetics, population genomics, and urban ecology, with broad implications for our understanding of adaptation in anthropogenic ecosystems and the evolution of economically important pest species. 
Current research themes include insecticide resistance evolution over historic to contemporary time frames, population genomics across socioeconomic landscapes, and the heritability of stress induced epigenetic marks. A variety of next-generation sequencing approaches may be employed, including ddRADseq, whole genome sequencing, targeted sequence capture, and other emerging genomic technologies.","Match, by alias","Virginia Polytechnic Institute and State University","VA",233921,"Blacksburg","R1 Doctoral Universities: Very High Research Activity","Professions plus arts & sciences, high graduate coexistence","Research Doctoral: Comprehensive programs, with medical/veterinary school","Four-year, full-time, more selective, lower transfer-in","High undergraduate","Four-year, large, primarily residential","Classified","Southeast AL AR FL GA KY LA MS NC SC TN VA WV","Public, 4-year or above","Four or more years","Public",1,"City Small","Yes","Yes","No","No",NA,"No","No","No","No","No",55,7136,1434,557,168,0,9350,546172,10169,385,1770,49,2,400,106,451,106,820,782,2819,4317,55,0,36383,38350,37024,35042,30020,7004,29027,866,85,42,4939,2065,6587,21,1167,43,NA,NA,25,14,NA,2138,0.228663,68,122,41,0.602941,"Conferred research/scholarship doctoral degrees",0,0,1,24,16,9471,5489,1569,590,580,1170,25,24,24.222301,30771,20239,0.65773,3
"8/13/26 14:58","University of Georgia","Georgia","Quantitative disease ecology and epidemiology","Mekala Sundaram","8/13/2026","https://www.ugajobsearch.com/postings/499394","","","Match, exact","University of Georgia","GA",139959,"Athens","R1 Doctoral Universities: Very High Research Activity","Professions plus arts & sciences, high graduate coexistence","Research Doctoral: Comprehensive programs, with medical/veterinary school","Four-year, full-time, more selective, higher transfer-in","High undergraduate","Four-year, large, primarily residential","Classified","Southeast AL AR FL GA KY LA MS NC SC TN VA WV","Public, 4-year or above","Four or more years","Public",1,"City Midsize","Yes","Yes","No","No",NA,"No","No","No","No","No",0,8568,1979,528,431,0,11506,419656,63130,256,1660,44,70,222,192,336,192,741,1669,3427,5141,0,22,38920,42941,39147,36349.666667,29765,9382,27877,1828,11,49,7063,2319,5603,43,1486,116,NA,NA,28,52,NA,2920,0.253781,98,184,59,0.602041,"Conferred research/scholarship doctoral degrees",1,0,0,24,22,10050,3835,3585,630,620,1250,29,26,27.449461,28206,13647,0.483833,3
"8/12/26 22:05","University of Georgia","Georgia","Geomicrobiology","Avishek Dutta","9/1/2026","https://www.ugajobsearch.com/postings/498440","","","Match, exact","University of Georgia","GA",139959,"Athens","R1 Doctoral Universities: Very High Research Activity","Professions plus arts & sciences, high graduate coexistence","Research Doctoral: Comprehensive programs, with medical/veterinary school","Four-year, full-time, more selective, higher transfer-in","High undergraduate","Four-year, large, primarily residential","Classified","Southeast AL AR FL GA KY LA MS NC SC TN VA WV","Public, 4-year or above","Four or more years","Public",1,"City Midsize","Yes","Yes","No","No",NA,"No","No","No","No","No",0,8568,1979,528,431,0,11506,419656,63130,256,1660,44,70,222,192,336,192,741,1669,3427,5141,0,22,38920,42941,39147,36349.666667,29765,9382,27877,1828,11,49,7063,2319,5603,43,1486,116,NA,NA,28,52,NA,2920,0.253781,98,184,59,0.602041,"Conferred research/scholarship doctoral degrees",1,0,0,24,22,10050,3835,3585,630,620,1250,29,26,27.449461,28206,13647,0.483833,3
"8/11/26 18:55","Oregon State University","Oregon","Molecular Biology","Samuel Gurr","9/13/2026","https://apply.interfolio.com/189465","8/13/26 11:03","PI: While the primary focus of the position centers on bioinformatic analysis of existing multi-omics NGS datasets (ATACseq, lcWGS, and TagSeq), the postdoctoral scholar will benefit greatly from mentoring the design and execution of complementary experimental work. The Hatfield Marine Science Center (Gurr Lab) provides cutting edge facilities that enable precise control of ocean acidification conditions and the integration of multiple coastal stressors under continuous flow-through, allowing naturalistic relevance for experiment conditions. 1) would you consider applicants that have other bioinformatic experience (i.e. analyzing amplicon sequences) for this position if they are hoping to broaden their horizons? 2) + would you consider applicants that have other experience (e.g. mRNA sequencing, Transcriptomics, and population genomics) ? 3) Would you consider applicants starting later (e.g., January 2027)? 4) Would you consider applicants who can do the complementary experimental work, but don't have as much experience with bioinformatics?","Match, exact","Oregon State University","OR",209542,"Corvallis","R1 Doctoral Universities: Very High Research Activity","Professions plus arts & sciences, high graduate coexistence","Research Doctoral: Comprehensive programs, with medical/veterinary school","Four-year, medium full-time , selective, higher transfer-in","High undergraduate","Four-year, large, primarily nonresidential","Classified","Far West AK CA HI NV OR WA","Public, 4-year or above","Four or more years","Public",1,"City Small","Yes","Yes","No","No",NA,"No","No","No","No","No",0,6100,1037,272,138,0,7547,262426,5959,324,915,12,3,192,65,207,65,664,511,2337,3763,0,0,31719,37586,32312,25139.333333,26644,5668,17925,8123,159,437,3469,2199,3125,449,1742,877,NA,NA,25,14,NA,1355,0.179542,75,139,41,0.546667,"Conferred research/scholarship doctoral degrees",0,0,1,21,16,5055,2327,1344,540,540,1080,21,21,21,17374,14284,0.822148,2
"8/11/26 15:55","University of Michigan","Michigan","Global Change Biology","Multiple PIs","9/1/2026","https://seas.umich.edu/globalchangebiology/postdoc-opportunities","","","Match, by alias","University of Michigan-Ann Arbor","MI",170976,"Ann Arbor","R1 Doctoral Universities: Very High Research Activity","Arts & sciences plus professions, high graduate coexistence","Research Doctoral: Comprehensive programs, with medical/veterinary school","Four-year, full-time, more selective, lower transfer-in","Majority undergraduate","Four-year, large, primarily residential","Not Classified","Great Lakes IL IN MI OH WI","Public, 4-year or above","Four or more years","Public",1,"City Midsize","No","Yes","No","No",NA,"No","No","No","No","No",0,8715,4691,876,750,0,15032,1572931,100931,2042,4273,79,92,628,76,788,75,2648,2793,5845,2870,0,0,48090,49530,47907,45691.666667,31329,16578,29813,1376,38,102,14733,1845,6835,44,1257,48,NA,NA,24,14,NA,2565,0.170636,76,216,59,0.776316,"Conferred research/scholarship doctoral degrees",0,0,1,22,23,12242,4393,3277,660,680,1340,31,28,29.281747,65021,16974,0.261054,3
"8/10/26 16:50","University of Texas at Austin","Texas","Integrative Biology","multiple PIs","12/7/2026","https://biodiversity.utexas.edu/about-center/endowments-biodiversity/stengl-wyer-endowment/stengl-wyer-scholars-program","8/10/26 18:42","1) fellowship that can be applied to, if you click on the ""complete list of Stengl-Wyer scholars"" link you can view the number of applicants vs awardees for all prior years","Match, partial","The University of Texas at Austin","TX",228778,"Austin","R1 Doctoral Universities: Very High Research Activity","Balanced arts & sciences/professions, high graduate coexistence","Research Doctoral: Comprehensive programs, with medical/veterinary school","Four-year, full-time, more selective, lower transfer-in","High undergraduate","Four-year, large, primarily nonresidential","Classified","Southwest AZ NM OK TX","Public, 4-year or above","Four or more years","Public",1,"City Large","No","Yes","No","No",NA,"No","No","No","No","No",0,10815,2996,806,504,0,15121,726915,70284,903,1872,76,138,435,157,649,157,1131,2369,5768,5047,0,0,51090,54243,50476,48357.333333,40048,10428,37272,2352,132,292,9894,534,8318,141,1638,71,NA,NA,26,52,NA,2338,0.154619,74,174,56,0.756757,"Conferred research/scholarship doctoral degrees",0,0,1,25,22,7784,6701,4005,610,600,1210,26,25,25.374089,57241,18290,0.319526,3
"8/10/26 11:02","Rutgers University - New Brunswick","New Jersey","Quantitative Climate Change Ecology","Jeremy Cohen","9/1/2026","https://www.gcmelab.com/join-us","8/10/26 11:07","The postdoc will do quantitative work using big datasets (e.g. GBIF, eBird, Movebank), remote sensing data, GIS tools and quantitative/spatial approaches including machine learning to understand how wildlife species are reacting to climate change at continental or global scales. Specific project ideas are flexible and could include (but are not limited to) developing/applying new approaches to improve range shift projections under climate change, regionally modelling species-environment interactions across species ranges, estimating trends in range or phenological shifts and niche loss (climate or habitat), or applying individual movement data to understand animal movement following disturbance. Work with birds is preferred for certain projects but other terrestrial taxa can certainly be considered. Hoping for start date between mid October - January ","Match, partial","Rutgers University-New Brunswick","NJ",186380,"New Brunswick","R1 Doctoral Universities: Very High Research Activity","Balanced arts & sciences/professions, high graduate coexistence","Research Doctoral: Comprehensive programs, with medical/veterinary school","Four-year, full-time, more selective, higher transfer-in","High undergraduate","Four-year, large, primarily residential","Classified","Mid East DE DC MD NJ NY PA","Public, 4-year or above","Four or more years","Public",1,"City Small","Yes","Yes","No","No",NA,"No","No","No","No","No",39,8885,3072,711,702,0,13409,661656,26421,511,3159,62,55,270,324,387,324,1377,2397,4287,4598,27,21,50173,56178,50411,45259.666667,35844,14567,33769,1659,19,397,8896,5671,6542,9,2256,158,NA,NA,27,51,NA,2249,0.167723,85,183,61,0.717647,"Conferred research/scholarship doctoral degrees",0,0,1,24,23,15862,5881,1156,580,600,1180,25,24,24.164275,41263,27618,0.669316,3
"8/10/26 10:45","Southern Illinois University","Illinois","Disease and movement ecology","Guillaume Bastille-Rousseau","9/15/2026","https://bastillerousseau.wixsite.com/research/join","","","Match, by alias","Southern Illinois University-Carbondale","IL",149222,"Carbondale","R2 Doctoral Universities: High Research Activity","Professions plus arts & sciences, high graduate coexistence","Research Doctoral: Comprehensive programs, with medical/veterinary school","Four-year, full-time, inclusive, higher transfer-in","High undergraduate","Four-year, medium, highly residential","Classified","Great Lakes IL IN MI OH WI","Public, 4-year or above","Four or more years","Public",1,"City Small","No","Yes","No","No",NA,"No","No","No","No","No",93,2635,770,135,170,0,3803,41617,0,10,846,38,18,46,33,102,33,243,697,736,1899,93,0,11695,13129,11366,9572,8299,3067,6791,1324,5,179,1879,1188,1322,39,908,227,NA,NA,31,51,NA,558,0.146726,76,92,45,0.592105,"Conferred research/scholarship doctoral degrees",1,0,0,25,15,4492,781,435,470,460,930,20,17,18.073191,6165,5658,0.917762,1
"8/7/26 9:48","University of Göttingen","Germany","Plant Disease Ecology and Evolution (experimental)","Alexey Mikaberidze","9/11/2026","https://www.uni-goettingen.de/en/644546.html?details=76559","8/7/26 7:33","PI: Eco-evolutionary questions on foliar fungal wheat pathogens; controlled-environment experiments + image-based phenotyping; salary grade E13, 2.5 yr; PhD in plant pathology/evolution/ecology; Python.","International",NA,NA,NA,NA,NA,NA,NA,NA,NA,NA,NA,NA,NA,NA,NA,NA,NA,NA,NA,NA,NA,NA,NA,NA,NA,NA,NA,NA,NA,NA,NA,NA,NA,NA,NA,NA,NA,NA,NA,NA,NA,NA,NA,NA,NA,NA,NA,NA,NA,NA,NA,NA,NA,NA,NA,NA,NA,NA,NA,NA,NA,NA,NA,NA,NA,NA,NA,NA,NA,NA,NA,NA,NA,NA,NA,NA,NA,NA,NA,NA,NA,NA,NA,NA,NA,NA,NA,NA,NA,NA,NA,NA,NA,NA,NA,NA
"8/7/26 8:43","Bundesanstalt für Gewässerkunde / Federal Institute of Hydrology","Germany","Fish Passage, Ethology, Ethohydraulics","Dr. Cornelia Schütz, Dr. Detlev Ingendahl, Dr. Simon Geist, Dr. Matthias Scholten","8/31/2026","https://www.bav.bund.de/SharedDocs/StellenangeboteEBV/20261211_0002.html?nn=210554","","","International",NA,NA,NA,NA,NA,NA,NA,NA,NA,NA,NA,NA,NA,NA,NA,NA,NA,NA,NA,NA,NA,NA,NA,NA,NA,NA,NA,NA,NA,NA,NA,NA,NA,NA,NA,NA,NA,NA,NA,NA,NA,NA,NA,NA,NA,NA,NA,NA,NA,NA,NA,NA,NA,NA,NA,NA,NA,NA,NA,NA,NA,NA,NA,NA,NA,NA,NA,NA,NA,NA,NA,NA,NA,NA,NA,NA,NA,NA,NA,NA,NA,NA,NA,NA,NA,NA,NA,NA,NA,NA,NA,NA,NA,NA,NA,NA
"8/7/26 7:36","University of Göttingen","Germany","Plant Disease Ecology and Evolution (mathematical modeling)","Alexey Mikaberidze","9/11/2026","https://www.uni-goettingen.de/de/644546.html?details=76623","8/7/26 7:40","PI: Eco-evolutionary questions on foliar fungal pathogens of cereal crops; mathematical and computational modeling of disease dynamics across scales (leaf to field); salary grade E13, 2.5 yr; PhD in theoretical/mathematical biology, applied maths, physics or biology with strong quantitative skills; Python.","International",NA,NA,NA,NA,NA,NA,NA,NA,NA,NA,NA,NA,NA,NA,NA,NA,NA,NA,NA,NA,NA,NA,NA,NA,NA,NA,NA,NA,NA,NA,NA,NA,NA,NA,NA,NA,NA,NA,NA,NA,NA,NA,NA,NA,NA,NA,NA,NA,NA,NA,NA,NA,NA,NA,NA,NA,NA,NA,NA,NA,NA,NA,NA,NA,NA,NA,NA,NA,NA,NA,NA,NA,NA,NA,NA,NA,NA,NA,NA,NA,NA,NA,NA,NA,NA,NA,NA,NA,NA,NA,NA,NA,NA,NA,NA,NA
"8/5/26 15:39","Georgetown University","District of Columbia","Avian Ecology","Peter P. Marra / Nathan W. Cooper","","https://apply.interfolio.com/190807","8/5/26 15:53","PI Here: Postdoctoral Fellow to study Migratory Bird Ecology and Seasonal Interactions, jointly housed in Georgetown University's Department of Biology and the Earth Commons Institute, invites applications for a two-year Postdoctoral Fellow to join a research program on the ecology and conservation of migratory birds. The successful candidate will be based in the MarraLab and help lead and expand four decades (40 years) of research on American Redstarts, Ovenbirds, and other Neotropical migratory birds in Jamaica, focused on seasonal interactions, carry-over effects, full annual cycle ecology, and the conservation of migratory species.","Match, exact","Georgetown University","DC",131496,"Washington","R1 Doctoral Universities: Very High Research Activity","Arts & sciences plus professions, high graduate coexistence","Research Doctoral: Comprehensive programs, with medical/veterinary school","Four-year, full-time, more selective, lower transfer-in","Majority graduate","Four-year, large, highly residential","Classified","Mid East DE DC MD NJ NY PA","Private not-for-profit, 4-year or above","Four or more years","Private not-for-profit",1,"City Large","No","Yes","No","No",NA,"No","No","No","No","Yes",0,2209,4203,158,881,0,7451,225504,33155,354,806,22,53,50,33,125,33,1621,3463,1566,643,0,13,19593,22720,19371,15805,7357,12014,6610,509,0,238,7412,4602,1550,34,163,11,NA,NA,25,52,NA,1527,0.204939,44,114,28,0.636364,"Conferred research/scholarship doctoral degrees",0,0,1,23,11,5546,1196,732,690,690,1380,31,29,29.759336,21190,3561,0.168051,3
"8/4/26 17:00","University of Copenhagen","Denmark","Bioinformatics and Computational Proteomics","","8/31/2026","https://employment.ku.dk/all-vacancies/?show=165957","","","International",NA,NA,NA,NA,NA,NA,NA,NA,NA,NA,NA,NA,NA,NA,NA,NA,NA,NA,NA,NA,NA,NA,NA,NA,NA,NA,NA,NA,NA,NA,NA,NA,NA,NA,NA,NA,NA,NA,NA,NA,NA,NA,NA,NA,NA,NA,NA,NA,NA,NA,NA,NA,NA,NA,NA,NA,NA,NA,NA,NA,NA,NA,NA,NA,NA,NA,NA,NA,NA,NA,NA,NA,NA,NA,NA,NA,NA,NA,NA,NA,NA,NA,NA,NA,NA,NA,NA,NA,NA,NA,NA,NA,NA,NA,NA,NA
"8/4/26 16:59","University of Copenhagen","Denmark","Marine Bioluminescence","","8/16/2026","https://employment.ku.dk/all-vacancies/?show=164644","","","International",NA,NA,NA,NA,NA,NA,NA,NA,NA,NA,NA,NA,NA,NA,NA,NA,NA,NA,NA,NA,NA,NA,NA,NA,NA,NA,NA,NA,NA,NA,NA,NA,NA,NA,NA,NA,NA,NA,NA,NA,NA,NA,NA,NA,NA,NA,NA,NA,NA,NA,NA,NA,NA,NA,NA,NA,NA,NA,NA,NA,NA,NA,NA,NA,NA,NA,NA,NA,NA,NA,NA,NA,NA,NA,NA,NA,NA,NA,NA,NA,NA,NA,NA,NA,NA,NA,NA,NA,NA,NA,NA,NA,NA,NA,NA,NA
"8/4/26 16:57","University of Copenhagen","Denmark","eDNA","","8/9/2026","https://employment.ku.dk/all-vacancies/?show=165622","","","International",NA,NA,NA,NA,NA,NA,NA,NA,NA,NA,NA,NA,NA,NA,NA,NA,NA,NA,NA,NA,NA,NA,NA,NA,NA,NA,NA,NA,NA,NA,NA,NA,NA,NA,NA,NA,NA,NA,NA,NA,NA,NA,NA,NA,NA,NA,NA,NA,NA,NA,NA,NA,NA,NA,NA,NA,NA,NA,NA,NA,NA,NA,NA,NA,NA,NA,NA,NA,NA,NA,NA,NA,NA,NA,NA,NA,NA,NA,NA,NA,NA,NA,NA,NA,NA,NA,NA,NA,NA,NA,NA,NA,NA,NA,NA,NA
"8/3/26 17:02","Finnish Museum of Natural History LUOMUS at the University of Helsinki","Finland","Stable Isotopes","Kyung Min Lee","8/31/2026","https://jobs.helsinki.fi/job/Helsinki-Postdoctoral-Researcher%2C-IsoMuseomics-%28Stable-Isotopes%29/1365178757/?feedId=350602&utm_source=CareerSite_UniversityOfHelsinki","","","International",NA,NA,NA,NA,NA,NA,NA,NA,NA,NA,NA,NA,NA,NA,NA,NA,NA,NA,NA,NA,NA,NA,NA,NA,NA,NA,NA,NA,NA,NA,NA,NA,NA,NA,NA,NA,NA,NA,NA,NA,NA,NA,NA,NA,NA,NA,NA,NA,NA,NA,NA,NA,NA,NA,NA,NA,NA,NA,NA,NA,NA,NA,NA,NA,NA,NA,NA,NA,NA,NA,NA,NA,NA,NA,NA,NA,NA,NA,NA,NA,NA,NA,NA,NA,NA,NA,NA,NA,NA,NA,NA,NA,NA,NA,NA,NA
"8/3/26 11:42","West Virginia University","West Virginia","Plant-microbial interactions in bioenergy ecosystems","Eddie Brzostek","","https://wvu.taleo.net/careersection/faculty/jobdetail.ftl?job=28510&tz=GMT-04%3A00&tzname=America%2FNew_York","8/14/26 9:42","PI here: I am looking to fill this quickly.  The incumbent recently dropped out after securing a permanent position.  This can start as a remote position and then transition to hybrid, on site, or fully remote work depending upon the incumbent's interests in empirical vs. modeling work.  Feel free to reach out if you have questions! email is erbrzostek@mix.wvu.edu","Match, exact","West Virginia University","WV",238032,"Morgantown","R1 Doctoral Universities: Very High Research Activity","Balanced arts & sciences/professions, high graduate coexistence","Research Doctoral: Comprehensive programs, with medical/veterinary school","Four-year, full-time, selective, lower transfer-in","High undergraduate","Four-year, large, primarily residential","Classified","Southeast AL AR FL GA KY LA MS NC SC TN VA WV","Public, 4-year or above","Four or more years","Public",1,"City Small","Yes","Yes","No","No",NA,"No","No","No","No","No",0,4649,1340,199,389,0,6577,180349,8103,168,1232,24,31,110,34,165,34,337,1392,1888,2761,0,0,26839,30045,26269,24051,20495,5774,18724,945,2,824,4216,1558,4479,15,547,55,NA,NA,27,52,NA,932,0.141706,71,128,47,0.661972,"Conferred research/scholarship doctoral degrees",0,0,1,23,18,5261,3892,2302,520,510,1030,21,20,20.37165,17326,14535,0.838913,2
"8/3/26 10:21","Smithsonian's National Zoo and Conservation Biology Institute","Virginia","Movement Ecology and International Conservation Policy","Lacey Hughey","8/23/2026","https://wildlabs.net/en/career-opportunity/postdoctoral-fellowship-integrating-animal-movement-data-global-conservation","","","Unmatched",NA,NA,NA,NA,NA,NA,NA,NA,NA,NA,NA,NA,NA,NA,NA,NA,NA,NA,NA,NA,NA,NA,NA,NA,NA,NA,NA,NA,NA,NA,NA,NA,NA,NA,NA,NA,NA,NA,NA,NA,NA,NA,NA,NA,NA,NA,NA,NA,NA,NA,NA,NA,NA,NA,NA,NA,NA,NA,NA,NA,NA,NA,NA,NA,NA,NA,NA,NA,NA,NA,NA,NA,NA,NA,NA,NA,NA,NA,NA,NA,NA,NA,NA,NA,NA,NA,NA,NA,NA,NA,NA,NA,NA,NA,NA,NA
"8/1/26 20:17","Texas A&M University Corpus Christi","Texas","Microbial Ecology, Bioinformatics, Biological Oceanography","Yajuan Lin and Weiyi Tang","8/15/2026","https://yajuanlin.github.io/assets/img/Postdoc_ad_08012026.pdf","8/2/26 21:40","To apply or request additional information, please contact Yajuan (yajuan.lin@tamucc.edu) and Weiyi (weiyitang@usf.edu). Applications will be reviewed as they are received until the position is filled.","Unmatched",NA,NA,NA,NA,NA,NA,NA,NA,NA,NA,NA,NA,NA,NA,NA,NA,NA,NA,NA,NA,NA,NA,NA,NA,NA,NA,NA,NA,NA,NA,NA,NA,NA,NA,NA,NA,NA,NA,NA,NA,NA,NA,NA,NA,NA,NA,NA,NA,NA,NA,NA,NA,NA,NA,NA,NA,NA,NA,NA,NA,NA,NA,NA,NA,NA,NA,NA,NA,NA,NA,NA,NA,NA,NA,NA,NA,NA,NA,NA,NA,NA,NA,NA,NA,NA,NA,NA,NA,NA,NA,NA,NA,NA,NA,NA,NA
"7/31/26 14:49","University of California, Santa Cruz","California","Evolution, Behavior","Suzanne Alonzo","9/7/2026","https://drive.google.com/file/d/1yiwE90QLE2IZtdPnMDNjD3K_-BLozPcq/view?usp=sharing","","","Match, partial","University of California-Santa Cruz","CA",110714,"Santa Cruz","R1 Doctoral Universities: Very High Research Activity","Arts & sciences focus, high graduate coexistence","Research Doctoral: STEM-dominant","Four-year, full-time, more selective, higher transfer-in","High undergraduate","Four-year, large, highly residential","Not Classified","Far West AK CA HI NV OR WA","Public, 4-year or above","Four or more years","Public",1,"City Small","Yes","No","No","No","Yes","Yes","No","No","No","No",0,5460,347,152,0,0,5959,146771,3629,332,565,16,28,108,0,151,0,259,88,4399,1061,0,0,19494,20861,19161,18660.333333,17207,1954,16521,686,0,0,1889,65,4158,36,1606,53,NA,NA,20,26,NA,894,0.150025,46,69,27,0.586957,"Conferred research/scholarship doctoral degrees",0,0,1,15,14,9291,3726,1348,580,580,1160,25,24,24.265668,54988,35591,0.64725,3
"7/31/26 14:02","University of Notre Dame","Indiana","Social behavior, health & fitness","Elizabeth Archie","9/15/2026","https://docs.google.com/document/d/1Sqjh7ZcLetx3wDEwD8-Sd-ITxyGZx85R_paDi1Gznwg/edit?usp=sharing","8/3/26 11:06","1) awesome PI and lab group!!","Match, exact","University of Notre Dame","IN",152080,"Notre Dame","R1 Doctoral Universities: Very High Research Activity","Arts & sciences plus professions, high graduate coexistence","Research Doctoral: Comprehensive programs, no medical/veterinary school","Four-year, full-time, more selective, lower transfer-in","Majority undergraduate","Four-year, large, highly residential","Classified","Great Lakes IL IN MI OH WI","Private not-for-profit, 4-year or above","Four or more years","Private not-for-profit",1,"Suburb Large","No","No","No","No",NA,"No","No","No","No","No",0,2884,1160,239,201,0,4484,200815,26720,142,883,25,38,150,26,212,26,376,985,1738,1146,0,0,12683,13268,12809,12625,8874,3935,8832,22,1,19,3700,235,2193,0,238,0,NA,NA,22,52,NA,1092,0.243533,54,76,32,0.592593,"Conferred research/scholarship doctoral degrees",0,0,1,17,13,7103,924,1254,690,710,1400,32,30,31.151515,21253,4035,0.189856,3
"7/31/26 12:05","VI Division of Fish and Wildlife","Other","Wildlife (Statistics, Ornithology, Biodiversity)","Division Director","8/13/2026","https://www.governmentjobs.com/careers/dopusvi/jobs/5432015/wildlife-biologist-iii?keywords=wildlife&pagetype=jobOpportunitiesJobs","8/3/26 12:40","Department needs for this position are leading the State Wildlife Grants Program OR population statistics (IPM preferred). Permanent position possible after six months. Two - three years is preferred timeframe. Email nicole.angeli@dpnr.vi.gov with questions.   AP) Are these postdocs or more like permanent jobs?","International",NA,NA,NA,NA,NA,NA,NA,NA,NA,NA,NA,NA,NA,NA,NA,NA,NA,NA,NA,NA,NA,NA,NA,NA,NA,NA,NA,NA,NA,NA,NA,NA,NA,NA,NA,NA,NA,NA,NA,NA,NA,NA,NA,NA,NA,NA,NA,NA,NA,NA,NA,NA,NA,NA,NA,NA,NA,NA,NA,NA,NA,NA,NA,NA,NA,NA,NA,NA,NA,NA,NA,NA,NA,NA,NA,NA,NA,NA,NA,NA,NA,NA,NA,NA,NA,NA,NA,NA,NA,NA,NA,NA,NA,NA,NA,NA
"7/31/26 12:04","Virgin Islands Division of Fish and Wildlife","Other","Fisheries Sciences","Division Director","8/13/2026","https://www.governmentjobs.com/careers/dopusvi/jobs/5430602/fisheries-biologist-iii?keywords=fisheries&pagetype=jobOpportunitiesJobs","8/3/26 23:09","Department needs are stock assessments, dive instructors, reef fish/lobster/queen conch biologists. Experience working with SERO/SESFC preferred. Permanent position possible after six months. Two - three years is preferred timeframe. Email nicole.angeli@dpnr.vi.gov with questions. ","International",NA,NA,NA,NA,NA,NA,NA,NA,NA,NA,NA,NA,NA,NA,NA,NA,NA,NA,NA,NA,NA,NA,NA,NA,NA,NA,NA,NA,NA,NA,NA,NA,NA,NA,NA,NA,NA,NA,NA,NA,NA,NA,NA,NA,NA,NA,NA,NA,NA,NA,NA,NA,NA,NA,NA,NA,NA,NA,NA,NA,NA,NA,NA,NA,NA,NA,NA,NA,NA,NA,NA,NA,NA,NA,NA,NA,NA,NA,NA,NA,NA,NA,NA,NA,NA,NA,NA,NA,NA,NA,NA,NA,NA,NA,NA,NA
"7/30/26 3:40","University of Freiburg","Germany","Evolutionary theory","Jonathan Henshaw","9/7/2026","https://uni-freiburg.de/stellenangebot/00005120/","","","International",NA,NA,NA,NA,NA,NA,NA,NA,NA,NA,NA,NA,NA,NA,NA,NA,NA,NA,NA,NA,NA,NA,NA,NA,NA,NA,NA,NA,NA,NA,NA,NA,NA,NA,NA,NA,NA,NA,NA,NA,NA,NA,NA,NA,NA,NA,NA,NA,NA,NA,NA,NA,NA,NA,NA,NA,NA,NA,NA,NA,NA,NA,NA,NA,NA,NA,NA,NA,NA,NA,NA,NA,NA,NA,NA,NA,NA,NA,NA,NA,NA,NA,NA,NA,NA,NA,NA,NA,NA,NA,NA,NA,NA,NA,NA,NA
"7/29/26 23:18","Toronto Metropolitan University","Canada","cancer and microbiome ecology mathematical modelling","Kathleen Wilkie","8/10/2026","https://math.torontomu.ca/~kwilkie/","7/29/26 23:21","accepting applications until position is filled. Prefer start date in Fall 2026.","International",NA,NA,NA,NA,NA,NA,NA,NA,NA,NA,NA,NA,NA,NA,NA,NA,NA,NA,NA,NA,NA,NA,NA,NA,NA,NA,NA,NA,NA,NA,NA,NA,NA,NA,NA,NA,NA,NA,NA,NA,NA,NA,NA,NA,NA,NA,NA,NA,NA,NA,NA,NA,NA,NA,NA,NA,NA,NA,NA,NA,NA,NA,NA,NA,NA,NA,NA,NA,NA,NA,NA,NA,NA,NA,NA,NA,NA,NA,NA,NA,NA,NA,NA,NA,NA,NA,NA,NA,NA,NA,NA,NA,NA,NA,NA,NA
"7/29/26 15:04","Cornell Atkinson Center for Sustainability","New York","Sustainability, One Health, Climate, Energy, or Food Systems","","10/20/2026","https://atkinson.cornell.edu/cornell-atkinson-postdocs-rfp/","8/2/26 17:16","1) I'm a current Atkinson fellow and happy to answer questions about the program! 2)do you need to have an external collaborator? like, do you develope a project with a collaborator and a PI when you submit one?","Unmatched",NA,NA,NA,NA,NA,NA,NA,NA,NA,NA,NA,NA,NA,NA,NA,NA,NA,NA,NA,NA,NA,NA,NA,NA,NA,NA,NA,NA,NA,NA,NA,NA,NA,NA,NA,NA,NA,NA,NA,NA,NA,NA,NA,NA,NA,NA,NA,NA,NA,NA,NA,NA,NA,NA,NA,NA,NA,NA,NA,NA,NA,NA,NA,NA,NA,NA,NA,NA,NA,NA,NA,NA,NA,NA,NA,NA,NA,NA,NA,NA,NA,NA,NA,NA,NA,NA,NA,NA,NA,NA,NA,NA,NA,NA,NA,NA
"7/29/26 15:01","Cornell Lab of Ornithology","New York","Ornithology","","9/9/2026","https://academicjobsonline.org/ajo/jobs/32334","7/29/26 15:07","1) the Rose fellowship was paused last year, but is back this year for 2027 starts","Match, by alias","Cornell University","NY",190415,"Ithaca","R1 Doctoral Universities: Very High Research Activity","Balanced arts & sciences/professions, high graduate coexistence","Research Doctoral: Comprehensive programs, with medical/veterinary school","Four-year, full-time, more selective, lower transfer-in","Majority undergraduate","Four-year, large, primarily residential","Classified","Mid East DE DC MD NJ NY PA","Private not-for-profit, 4-year or above","Four or more years","Private not-for-profit",1,"City Small","Yes","Yes","No","No",NA,"No","No","No","No","No",0,4277,3156,515,297,0,8245,663231,42944,1238,1492,44,55,375,41,474,41,1890,1563,2307,1970,0,0,24027,24594,23620,23190,14743,8877,14691,50,2,0,8282,595,3245,4,669,0,NA,NA,27,14,NA,1539,0.186659,63,168,53,0.84127,"Conferred research/scholarship doctoral degrees",0,0,1,24,24,7135,2361,1161,680,720,1400,32,30,30.659284,51500,5514,0.107068,3
"7/28/26 7:05","Max Planck Institute for Evolutionary Anthropology","Germany","Wildlife Ecology and Microbiology","Reena Debray, Mercy Akinyi, and Jenny Tung","8/31/2026","https://www.eva.mpg.de/career/positions-available/job/690/Abteilung%20Verhalten%20und%20Evolution%20von%20Primaten/en/?cHash=69f252f531cdc4797173b8524691ee0e","8/11/26 2:19","1) amazing group of people to work with! 2) agree with #1! 3) There doesn't seem to be a salary listed? Any ideas of postdoc salary and cost of living in Leipzig? 4) Former MPI-EVA postdoc here; postdoc salaries in Germany are standardized based on experience, about 3k/month after taxes. Leipzig (former East Germany) is pretty affordable compared to other parts of Germany. You can find apartments for 500-1k/month, and I know multiple people who support stay-at-home or part-time-employed partners on a postdoc salary. 5) @3,4 the position says it pays a 2-year ""stipend"" as opposed to the German postdoc salary level ""TVL-13"" which could whether the employer vs employee has to pay for health insurance. Not sure about this so worth asking/reading up about.","International",NA,NA,NA,NA,NA,NA,NA,NA,NA,NA,NA,NA,NA,NA,NA,NA,NA,NA,NA,NA,NA,NA,NA,NA,NA,NA,NA,NA,NA,NA,NA,NA,NA,NA,NA,NA,NA,NA,NA,NA,NA,NA,NA,NA,NA,NA,NA,NA,NA,NA,NA,NA,NA,NA,NA,NA,NA,NA,NA,NA,NA,NA,NA,NA,NA,NA,NA,NA,NA,NA,NA,NA,NA,NA,NA,NA,NA,NA,NA,NA,NA,NA,NA,NA,NA,NA,NA,NA,NA,NA,NA,NA,NA,NA,NA,NA
"7/23/26 15:46","Miller Institute for Basic Research in Science, UC Berkeley","California","STEM research","","9/10/2026","https://miller.berkeley.edu/nominate-apply/miller-research-fellowship","","","Unmatched",NA,NA,NA,NA,NA,NA,NA,NA,NA,NA,NA,NA,NA,NA,NA,NA,NA,NA,NA,NA,NA,NA,NA,NA,NA,NA,NA,NA,NA,NA,NA,NA,NA,NA,NA,NA,NA,NA,NA,NA,NA,NA,NA,NA,NA,NA,NA,NA,NA,NA,NA,NA,NA,NA,NA,NA,NA,NA,NA,NA,NA,NA,NA,NA,NA,NA,NA,NA,NA,NA,NA,NA,NA,NA,NA,NA,NA,NA,NA,NA,NA,NA,NA,NA,NA,NA,NA,NA,NA,NA,NA,NA,NA,NA,NA,NA
"7/22/26 18:55","University of Notre Dame","Indiana","Ecology","Jason Rohr","8/14/2026","https://www.jasonrohrlab.com/postdoc-opportunities","","","Match, exact","University of Notre Dame","IN",152080,"Notre Dame","R1 Doctoral Universities: Very High Research Activity","Arts & sciences plus professions, high graduate coexistence","Research Doctoral: Comprehensive programs, no medical/veterinary school","Four-year, full-time, more selective, lower transfer-in","Majority undergraduate","Four-year, large, highly residential","Classified","Great Lakes IL IN MI OH WI","Private not-for-profit, 4-year or above","Four or more years","Private not-for-profit",1,"Suburb Large","No","No","No","No",NA,"No","No","No","No","No",0,2884,1160,239,201,0,4484,200815,26720,142,883,25,38,150,26,212,26,376,985,1738,1146,0,0,12683,13268,12809,12625,8874,3935,8832,22,1,19,3700,235,2193,0,238,0,NA,NA,22,52,NA,1092,0.243533,54,76,32,0.592593,"Conferred research/scholarship doctoral degrees",0,0,1,17,13,7103,924,1254,690,710,1400,32,30,31.151515,21253,4035,0.189856,3
"7/20/26 8:19","Swedish Museum of Natural History","Sweden","Floral Traits, Machine Learning and Macro-evolution","","8/14/2026","https://www.nrm.se/engelska/in-english/about-us/vacancies","7/24/26 7:35","1) ""To be considered for this position, you are required to have your own external funding for the project."" Not sure I understand this... We have to bring our own funding with us? x2 2) Yeah what a strange listing - maybe some internal hire situation? x1 3) This is like one of the US ads where they say ""contact the PI to work together on a funding app, position dependent on funding"" - i.e. they want a postdoc but don't have the money for one.
","International",NA,NA,NA,NA,NA,NA,NA,NA,NA,NA,NA,NA,NA,NA,NA,NA,NA,NA,NA,NA,NA,NA,NA,NA,NA,NA,NA,NA,NA,NA,NA,NA,NA,NA,NA,NA,NA,NA,NA,NA,NA,NA,NA,NA,NA,NA,NA,NA,NA,NA,NA,NA,NA,NA,NA,NA,NA,NA,NA,NA,NA,NA,NA,NA,NA,NA,NA,NA,NA,NA,NA,NA,NA,NA,NA,NA,NA,NA,NA,NA,NA,NA,NA,NA,NA,NA,NA,NA,NA,NA,NA,NA,NA,NA,NA,NA
"7/20/26 8:16","Stockholm University","Sweden","Coastal ecology","","8/9/2026","https://su.varbi.com/what:job/jobID:944431/where:4/","","","International",NA,NA,NA,NA,NA,NA,NA,NA,NA,NA,NA,NA,NA,NA,NA,NA,NA,NA,NA,NA,NA,NA,NA,NA,NA,NA,NA,NA,NA,NA,NA,NA,NA,NA,NA,NA,NA,NA,NA,NA,NA,NA,NA,NA,NA,NA,NA,NA,NA,NA,NA,NA,NA,NA,NA,NA,NA,NA,NA,NA,NA,NA,NA,NA,NA,NA,NA,NA,NA,NA,NA,NA,NA,NA,NA,NA,NA,NA,NA,NA,NA,NA,NA,NA,NA,NA,NA,NA,NA,NA,NA,NA,NA,NA,NA,NA
"7/18/26 13:38","University at Buffalo","New York","Human Evolutionary Genetics","Omer Gokcumen","12/1/2026","https://gokcumenlab.org/postdoctoral-position-in-structural-variation-and-evolutionary-genomics/","7/20/26 15:37","1) Amazing PI and fascinating projects (former lab member; feel free to ask me anything)","Match, exact","University at Buffalo","NY",196088,"Buffalo","R1 Doctoral Universities: Very High Research Activity","Balanced arts & sciences/professions, high graduate coexistence","Research Doctoral: Comprehensive programs, with medical/veterinary school","Four-year, full-time, selective, higher transfer-in","Majority undergraduate","Four-year, large, primarily residential","Classified","Mid East DE DC MD NJ NY PA","Public, 4-year or above","Four or more years","Public",1,"Suburb Large","No","Yes","No","No",NA,"No","No","No","No","No",0,5583,2450,362,625,0,9020,401640,20398,341,1582,33,62,209,58,304,58,1478,1597,3242,2341,0,40,31923,35509,32347,28515,22306,10041,20403,1656,32,215,6164,3877,4388,27,1481,156,NA,NA,24,14,NA,1419,0.157317,63,192,47,0.746032,"Conferred research/scholarship doctoral degrees",0,0,1,23,19,7962,2970,755,560,580,1140,23,23,23,30247,20251,0.669521,2
"7/17/26 10:38","University of Michigan","Michigan","Global Change Biology","Multiple PIs","9/30/2026","https://seas.umich.edu/globalchangebiology/postdoc-opportunities","","","Match, by alias","University of Michigan-Ann Arbor","MI",170976,"Ann Arbor","R1 Doctoral Universities: Very High Research Activity","Arts & sciences plus professions, high graduate coexistence","Research Doctoral: Comprehensive programs, with medical/veterinary school","Four-year, full-time, more selective, lower transfer-in","Majority undergraduate","Four-year, large, primarily residential","Not Classified","Great Lakes IL IN MI OH WI","Public, 4-year or above","Four or more years","Public",1,"City Midsize","No","Yes","No","No",NA,"No","No","No","No","No",0,8715,4691,876,750,0,15032,1572931,100931,2042,4273,79,92,628,76,788,75,2648,2793,5845,2870,0,0,48090,49530,47907,45691.666667,31329,16578,29813,1376,38,102,14733,1845,6835,44,1257,48,NA,NA,24,14,NA,2565,0.170636,76,216,59,0.776316,"Conferred research/scholarship doctoral degrees",0,0,1,22,23,12242,4393,3277,660,680,1340,31,28,29.281747,65021,16974,0.261054,3
"7/16/26 12:53","Marine Institute, Oranmore, Co. Galway, Ireland","Ireland","Marine ecosystem modeling/carbon sequestration","Ecosystem Approach to Fisheries Management Team Lead","8/4/2026","https://www.marine.ie/site-area/working-us/feas-post-doctoral-researcher-pdr-eafm-%E2%80%93-oceanicu","7/30/26 1:37","1) The link seems like its broken as of 7/29?","International",NA,NA,NA,NA,NA,NA,NA,NA,NA,NA,NA,NA,NA,NA,NA,NA,NA,NA,NA,NA,NA,NA,NA,NA,NA,NA,NA,NA,NA,NA,NA,NA,NA,NA,NA,NA,NA,NA,NA,NA,NA,NA,NA,NA,NA,NA,NA,NA,NA,NA,NA,NA,NA,NA,NA,NA,NA,NA,NA,NA,NA,NA,NA,NA,NA,NA,NA,NA,NA,NA,NA,NA,NA,NA,NA,NA,NA,NA,NA,NA,NA,NA,NA,NA,NA,NA,NA,NA,NA,NA,NA,NA,NA,NA,NA,NA
"7/15/26 12:02","University of Hawaii at Manoa","Hawaii","Indigenous agroforestry","Leah Bremer","8/3/2026","https://hr.rcuh.com/psc/hcmprd_exapp/EMPLOYEE/HRMS/c/HRS_HRAM_FL.HRS_CG_SEARCH_FL.GBL?Page=HRS_APP_JBPST_FL&Action=U&FOCUS=Applicant&SiteId=3&JobOpeningId=226383&PostingSeq=1&","","","Match, exact","University of Hawaii at Manoa","HI",141574,"Honolulu","R1 Doctoral Universities: Very High Research Activity","Balanced arts & sciences/professions, high graduate coexistence","Research Doctoral: Comprehensive programs, with medical/veterinary school","Four-year, full-time, selective, higher transfer-in","High undergraduate","Four-year, large, primarily residential","Not Classified","Far West AK CA HI NV OR WA","Public, 4-year or above","Four or more years","Public",1,"City Large","Yes","Yes","No","No",NA,"No","No","No","No","No",0,3109,952,198,206,0,4465,273320,2609,244,1015,33,32,84,49,149,49,313,845,1405,1704,0,54,17490,20702,18025,14936.333333,13203,4822,10581,2283,107,232,2704,2118,2039,145,1181,454,NA,NA,28,52,NA,808,0.180963,76,128,52,0.684211,"Conferred research/scholarship doctoral degrees",0,0,1,25,21,3272,979,696,540,530,1070,21,21,21,13240,11081,0.836934,2
"7/15/26 12:00","University of Hawaii at Manoa","Hawaii","Fire ecology and agroforestry","Leah Bremer","8/3/2026","https://hr.rcuh.com/psc/hcmprd_exapp/EMPLOYEE/HRMS/c/HRS_HRAM_FL.HRS_CG_SEARCH_FL.GBL?Page=HRS_APP_JBPST_FL&Action=U&FOCUS=Applicant&SiteId=3&JobOpeningId=226384&PostingSeq=1","","","Match, exact","University of Hawaii at Manoa","HI",141574,"Honolulu","R1 Doctoral Universities: Very High Research Activity","Balanced arts & sciences/professions, high graduate coexistence","Research Doctoral: Comprehensive programs, with medical/veterinary school","Four-year, full-time, selective, higher transfer-in","High undergraduate","Four-year, large, primarily residential","Not Classified","Far West AK CA HI NV OR WA","Public, 4-year or above","Four or more years","Public",1,"City Large","Yes","Yes","No","No",NA,"No","No","No","No","No",0,3109,952,198,206,0,4465,273320,2609,244,1015,33,32,84,49,149,49,313,845,1405,1704,0,54,17490,20702,18025,14936.333333,13203,4822,10581,2283,107,232,2704,2118,2039,145,1181,454,NA,NA,28,52,NA,808,0.180963,76,128,52,0.684211,"Conferred research/scholarship doctoral degrees",0,0,1,25,21,3272,979,696,540,530,1070,21,21,21,13240,11081,0.836934,2
"7/13/26 4:04","University of Helsinki","Finland","Salmonid Fish Ecological and Evolutionary Genomics and Conservation","Prof. Craig Primmer and Dr. Tutku Aykanat","8/7/2026","https://jobs.helsinki.fi/job/Helsinki-Three-post-doc-positions-in-salmonid-fish-ecological-and-evolutionary-genomics-and-conservation/1365060357/?feedId=350602&utm_source=CareerSite_UniversityOfHelsinki","8/13/26 12:24","3 positions 2) has anyone received an interview invitation as of 8/13?","International",NA,NA,NA,NA,NA,NA,NA,NA,NA,NA,NA,NA,NA,NA,NA,NA,NA,NA,NA,NA,NA,NA,NA,NA,NA,NA,NA,NA,NA,NA,NA,NA,NA,NA,NA,NA,NA,NA,NA,NA,NA,NA,NA,NA,NA,NA,NA,NA,NA,NA,NA,NA,NA,NA,NA,NA,NA,NA,NA,NA,NA,NA,NA,NA,NA,NA,NA,NA,NA,NA,NA,NA,NA,NA,NA,NA,NA,NA,NA,NA,NA,NA,NA,NA,NA,NA,NA,NA,NA,NA,NA,NA,NA,NA,NA,NA
"7/9/26 9:31","University of Iowa","Iowa","Disturbance ecology and biodiversity","Gavin Jones","8/17/2026","https://gavinmjones.com/wp-content/uploads/2026/07/iowa-postdoc-2026.docx.pdf","8/3/26 11:47","OP) PI here - there is a good deal of subject area/project flexibility because this position is using my startup funds. I'll check back and answer questions if anyone has them, and feel free to reach out via email gavin-m-jones@uiowa.edu! OP) update: Current department policy is that we do not sponsor anyone for an H-1B visa who is not currently in the U.S. ","Match, exact","University of Iowa","IA",153658,"Iowa City","R1 Doctoral Universities: Very High Research Activity","Balanced arts & sciences/professions, high graduate coexistence","Research Doctoral: Comprehensive programs, with medical/veterinary school","Four-year, full-time, selective, lower transfer-in","High undergraduate","Four-year, large, primarily residential","Classified","Plains IA KS MN MO NE ND SD","Public, 4-year or above","Four or more years","Public",1,"City Small","No","Yes","No","No",NA,"No","No","No","No","No",0,6228,1398,436,477,0,8539,510793,27790,467,2231,23,63,153,196,239,196,432,1443,2812,3416,0,0,31240,34495,30318,26896,22304,8014,20155,1754,72,323,4958,3056,4460,50,840,122,NA,NA,24,52,NA,1902,0.222743,67,175,52,0.776119,"Conferred research/scholarship doctoral degrees",0,0,1,21,21,6660,1197,3919,560,550,1110,22,22,22,24132,20338,0.842781,2
"7/8/26 22:49","Bridgewater State University","Massachusetts","Wildlife Ecology","Thilina Surasinghe","8/15/2026","https://sites.google.com/bridgew.edu/surasinghejobs/home","7/8/26 22:51","To apply, visit https://jobs.bridgew.edu/postings/33045 and submit (1) a cover letter describing relevant experience and research interests, (2) a CV, and (3) contact information for three references. Review of applications will begin mid-August and continue until the position is filled. Preferred start date: Jan 2027.
Questions may be directed to tsurasinghe@bridgew.edu
","Match, exact","Bridgewater State University","MA",165024,"Bridgewater","Master's Colleges & Universities: Larger Programs","Balanced arts & sciences/professions, some graduate coexistence","Postbaccalaureate: Education-dominant, with Arts & Sciences","Four-year, full-time, inclusive, higher transfer-in","High undergraduate","Four-year, medium, primarily residential","Not Classified","New England CT ME MA NH RI VT","Public, 4-year or above","Four or more years","Public",1,"Suburb Large","No","No","No","No",NA,"No","No","No","No","No",0,2134,425,0,0,0,2559,NA,NA,NA,NA,NA,NA,NA,NA,0,0,13,412,1088,1046,0,0,10881,13150,10651,8650.333333,9028,1623,7102,1658,31,237,517,1106,1335,54,629,176,NA,NA,19,13,NA,631,0.246581,33,25,11,0.333333,"Did not confer research/scholarship doctoral degrees",1,0,0,9,0,3304,1271,55,480,470,950,19,18,18.041478,9555,7865,0.823129,1
"7/8/26 20:08","University of California - Los Angeles","California","California Wildlife Conservation","H. Bradley Shaffer","9/28/2026","https://www.ioes.ucla.edu/jobs/the-2027-ucla-la-kretz-center-postdoctoral-fellowship-in-california-conservation-science/","7/8/26 20:04","Candidates may work in any discipline that provides the scientific underpinnings for the preservation, protection, management, or restoration of at-risk species, environments, or ecological communities in California.","Match, partial","University of California-Los Angeles","CA",110662,"Los Angeles","R1 Doctoral Universities: Very High Research Activity","Arts & sciences focus, high graduate coexistence","Research Doctoral: Comprehensive programs, with medical/veterinary school","Four-year, full-time, more selective, higher transfer-in","Majority undergraduate","Four-year, large, highly residential","Classified","Far West AK CA HI NV OR WA","Public, 4-year or above","Four or more years","Public",1,"City Large","Yes","Yes","No","No",NA,"No","No","No","No","No",0,10006,3271,676,569,0,14522,1338707,54234,1498,3481,96,97,365,118,556,117,2075,1765,9100,906,0,0,44371,46947,44589,43489,31636,12953,31068,568,0,0,11871,1082,6378,8,3743,44,NA,NA,24,45,NA,2910,0.200386,71,166,53,0.746479,"Conferred research/scholarship doctoral degrees",0,0,1,20,21,19093,0,0,0,0,0,0,0,0,108870,15602,0.1433085,3
"7/8/26 17:19","University of California, Los Angeles","California","Evolutionary Genomics","Stepfanie Aguillon","8/3/2026","https://recruit.apo.ucla.edu/JPF11142","8/10/26 18:44","Two-year position focused on analysis of whole genome sequencing datasets from a North American woodpecker hybrid zone; reviews start 8/3/26, but the ad is open until 8/28. 1) No news?","Match, partial","University of California-Los Angeles","CA",110662,"Los Angeles","R1 Doctoral Universities: Very High Research Activity","Arts & sciences focus, high graduate coexistence","Research Doctoral: Comprehensive programs, with medical/veterinary school","Four-year, full-time, more selective, higher transfer-in","Majority undergraduate","Four-year, large, highly residential","Classified","Far West AK CA HI NV OR WA","Public, 4-year or above","Four or more years","Public",1,"City Large","Yes","Yes","No","No",NA,"No","No","No","No","No",0,10006,3271,676,569,0,14522,1338707,54234,1498,3481,96,97,365,118,556,117,2075,1765,9100,906,0,0,44371,46947,44589,43489,31636,12953,31068,568,0,0,11871,1082,6378,8,3743,44,NA,NA,24,45,NA,2910,0.200386,71,166,53,0.746479,"Conferred research/scholarship doctoral degrees",0,0,1,20,21,19093,0,0,0,0,0,0,0,0,108870,15602,0.1433085,3
"7/6/26 13:38","International Institute for Applied Systems Analysis (IIASA)","Austria","Spatial Planning and Ecological Modelling - (2 positions)","Martin Jung, Lauren Talluto, and Piero Visconti","8/6/2026","https://iiasa.ac.at/employment/job-openings?jh=zdltvx6vbbsljhr1r0d1m5j1zu6wx3j","","","International",NA,NA,NA,NA,NA,NA,NA,NA,NA,NA,NA,NA,NA,NA,NA,NA,NA,NA,NA,NA,NA,NA,NA,NA,NA,NA,NA,NA,NA,NA,NA,NA,NA,NA,NA,NA,NA,NA,NA,NA,NA,NA,NA,NA,NA,NA,NA,NA,NA,NA,NA,NA,NA,NA,NA,NA,NA,NA,NA,NA,NA,NA,NA,NA,NA,NA,NA,NA,NA,NA,NA,NA,NA,NA,NA,NA,NA,NA,NA,NA,NA,NA,NA,NA,NA,NA,NA,NA,NA,NA,NA,NA,NA,NA,NA,NA
"7/3/26 3:25","Aarhus University","Denmark","Comparative genomics","Irene Julca","8/3/2026","https://international.au.dk/about/profile/vacant-positions/job/postdoctoral-fellow-in-comparative-qtlomics-and-plant-functional-genomics","7/10/26 7:57","Focus on comparative QTLomics, crop research, and AI. Please apply using the link provided.","International",NA,NA,NA,NA,NA,NA,NA,NA,NA,NA,NA,NA,NA,NA,NA,NA,NA,NA,NA,NA,NA,NA,NA,NA,NA,NA,NA,NA,NA,NA,NA,NA,NA,NA,NA,NA,NA,NA,NA,NA,NA,NA,NA,NA,NA,NA,NA,NA,NA,NA,NA,NA,NA,NA,NA,NA,NA,NA,NA,NA,NA,NA,NA,NA,NA,NA,NA,NA,NA,NA,NA,NA,NA,NA,NA,NA,NA,NA,NA,NA,NA,NA,NA,NA,NA,NA,NA,NA,NA,NA,NA,NA,NA,NA,NA,NA
"7/2/26 9:55","University of Virginia","Virginia","evolutionary ecology; host-parasite interactions; infectious disease; dispersal","Amanda Gibson","8/30/2026","https://jobs.virginia.edu/us/en/job/UOVUOVUSR0084866EXTERNALENUS/Research-Associate-in-Biology","8/8/26 16:26","incredibly awesome PI! 2) can confirm, Mandy is THE best! x2","Match, by alias","University of Virginia-Main Campus","VA",234076,"Charlottesville","R1 Doctoral Universities: Very High Research Activity","Arts & sciences plus professions, high graduate coexistence","Research Doctoral: Comprehensive programs, with medical/veterinary school","Four-year, full-time, more selective, lower transfer-in","Majority undergraduate","Four-year, large, primarily residential","Not Classified","Southeast AL AR FL GA KY LA MS NC SC TN VA WV","Public, 4-year or above","Four or more years","Public",1,"Suburb Small","No","Yes","No","No",NA,"No","No","No","No","No",0,5206,2186,338,468,0,8198,584678,67324,555,2343,46,49,164,79,259,79,774,1880,3847,1359,8,22,25012,29237,25628,23776.666667,17310,8318,16306,770,13,221,6532,1786,3785,0,634,174,NA,NA,24,24,NA,1125,0.137229,46,112,37,0.804348,"Conferred research/scholarship doctoral degrees",0,0,1,22,18,7607,2886,1351,660,660,1320,30,28,28.637715,40879,9230,0.225788,3
"6/29/26 8:57","Smithsonian Tropical Research Institute","South America","Evolutionary Genomics","Barro Colorado Island – Evolutionary Dynamics and Genomic Ecology (BCI EDGE)","8/24/2026","https://trustcareers.si.edu/en/postings/86a68378-0682-4ff4-9ea9-13804c08aaa9","6/30/26 1:47","Different job from the below- they are hiring 2 postdocs for slightly different roles on the same project 2) These are listed as South America, but they are in Panama. I realize the Location categories have to be broad, but could we make it a common practice to mention the country in the Institution column in cases where the Location category isn't informative? (e.g., ""Smithsonian Tropical Research Institute (Panama)"")","International",NA,NA,NA,NA,NA,NA,NA,NA,NA,NA,NA,NA,NA,NA,NA,NA,NA,NA,NA,NA,NA,NA,NA,NA,NA,NA,NA,NA,NA,NA,NA,NA,NA,NA,NA,NA,NA,NA,NA,NA,NA,NA,NA,NA,NA,NA,NA,NA,NA,NA,NA,NA,NA,NA,NA,NA,NA,NA,NA,NA,NA,NA,NA,NA,NA,NA,NA,NA,NA,NA,NA,NA,NA,NA,NA,NA,NA,NA,NA,NA,NA,NA,NA,NA,NA,NA,NA,NA,NA,NA,NA,NA,NA,NA,NA,NA
"6/29/26 8:55","Smithsonian Tropical Research Institute","South America","Evolutionary Genomics","Barro Colorado Island – Evolutionary Dynamics and Genomic Ecology (BCI EDGE)","8/24/2026","https://trustcareers.si.edu/en/postings/f299cd47-cc9b-4eda-9b35-256f00351bea","","","International",NA,NA,NA,NA,NA,NA,NA,NA,NA,NA,NA,NA,NA,NA,NA,NA,NA,NA,NA,NA,NA,NA,NA,NA,NA,NA,NA,NA,NA,NA,NA,NA,NA,NA,NA,NA,NA,NA,NA,NA,NA,NA,NA,NA,NA,NA,NA,NA,NA,NA,NA,NA,NA,NA,NA,NA,NA,NA,NA,NA,NA,NA,NA,NA,NA,NA,NA,NA,NA,NA,NA,NA,NA,NA,NA,NA,NA,NA,NA,NA,NA,NA,NA,NA,NA,NA,NA,NA,NA,NA,NA,NA,NA,NA,NA,NA
"6/16/26 9:47","Cornell K. Lisa Yang Center for Wildlife Health","New York","Wildlife Health","Fellow selected: 1) a primary faculty mentor from any unit of Cornell University  and  2) a secondary mentor from an external partner organization","10/5/2026","https://academicjobsonline.org/ajo/jobs/32044","8/4/26 9:30","1) A 3-year postdoc fellowship in Wildlife Health. From the call: ""We seek applicants interested in engaging at the nexus of rigorous applied research and real impact in the realms of wildlife health and related One Health endeavors."" You can have a DVM or PhD, but for this call DVM are particularly encouraged. I currently work at CYCWH, so ask away with any questions! 2) Are DVMs and PhDs really transferable? I'd thought one was research and one applied. 1) not transferable, but rather the CYCWH wants to draw from a diverse pool of applicants, particularly those with DVM's and vet experience who would be interested in scientific research to affect change in the wildlife health space. 3) How developed do the projects have to be to bring to the PI? Can you have some ideas and they help form the project in more depth based on the resources/experience/knowledge they have?","Unmatched",NA,NA,NA,NA,NA,NA,NA,NA,NA,NA,NA,NA,NA,NA,NA,NA,NA,NA,NA,NA,NA,NA,NA,NA,NA,NA,NA,NA,NA,NA,NA,NA,NA,NA,NA,NA,NA,NA,NA,NA,NA,NA,NA,NA,NA,NA,NA,NA,NA,NA,NA,NA,NA,NA,NA,NA,NA,NA,NA,NA,NA,NA,NA,NA,NA,NA,NA,NA,NA,NA,NA,NA,NA,NA,NA,NA,NA,NA,NA,NA,NA,NA,NA,NA,NA,NA,NA,NA,NA,NA,NA,NA,NA,NA,NA,NA
"6/10/26 3:48","Swedish University of Agricultural Sciences","Sweden","Biological nitrogen fixation in boreal forests","Stefan Hupperts and Michael Gundale","8/28/2026","https://www.slu.se/en/about-slu/work-at-slu/jobs-and-vacancies/postdoktor--stipendium/","7/24/26 8:48","1) Anyone understand why this has a tax free salary? 2) Some Postdocs are funded this way in Sweden with tax free salary usually from a specific funder. They tend to be be around the same amount as how much a Postdoc would make after taxes. 3) I have been offered positions like this before and was encouraged to decline them due to substandard employment rights. You aren't eligible for vacation, retirement, transit discounts, and don't accumulate residency time e.g. for citizenship. Avoid avoid avoid unless you are positively desprate. Some discourse on this here. https://www.reddit.com/r/postdoc/comments/1szzwnq/swedish_postdoc_scholarship/  4) PI here. I came to Sweden from the US on the same type of postdoc stipend and it worked well for me. We of course want and expect the postdoc to take the standard vacation time (usually about 30 days, depending on your age). And stipend postdocs get public health insurance because it’s guaranteed to anyone residing in Sweden for more than one year. However, it’s true that stipend positions don’t get retirement, paid parental leave, or paid sick leave. That said, a benefit of stipend postdoc positions is that it can provide a pathway to extend the postdoctoral “time” in Sweden until you secure your own grant and then become permanently employed as a researcher (as I did). And my stipend postdoc time did count towards residency for citizenship. Overall, the stipend postdoc worked well for me but I recognize that it may not work for all situations. If you have questions or want a full explanation of the stipend postdoc situation, please email me stefan.hupperts@slu.se 5) I came to Sweden for a postdoc (although not this exact type) and the lifestyle was a wonderful change from the US. The culture of taking rest, holidays, and vacation seriously was a huge eye-opener. Plus this seems like a really cool project—my two cents/.2 kronor! 6) Also moved from the US to Sweden with a similar type of funding, and it was great. Sweden has many funding options that you can plan to transition to later (e.g., VR our FORMAS) as well, so it can be a good opportunity.","International",NA,NA,NA,NA,NA,NA,NA,NA,NA,NA,NA,NA,NA,NA,NA,NA,NA,NA,NA,NA,NA,NA,NA,NA,NA,NA,NA,NA,NA,NA,NA,NA,NA,NA,NA,NA,NA,NA,NA,NA,NA,NA,NA,NA,NA,NA,NA,NA,NA,NA,NA,NA,NA,NA,NA,NA,NA,NA,NA,NA,NA,NA,NA,NA,NA,NA,NA,NA,NA,NA,NA,NA,NA,NA,NA,NA,NA,NA,NA,NA,NA,NA,NA,NA,NA,NA,NA,NA,NA,NA,NA,NA,NA,NA,NA,NA
